{
  "sage": {
    "pearson_r": 0.7536965003138819,
    "bg_rmse": 0.21813248814557437,
    "n_bgs": 69
  },
  "gcn_gat": {
    "pearson_r": 0.7664314601020286,
    "bg_rmse": 0.21466327244268912,
    "n_bgs": 69
  },
  "IDW": {
    "pearson_r": 0.7718927214530875,
    "bg_rmse": 0.20826122326691154,
    "n_bgs": 69
  },
  "kriging": {
    "pearson_r": 0.768151760049769,
    "bg_rmse": 0.21043273752204011,
    "n_bgs": 69
  }
}