{
  "target_feature": "log_appvalue",
  "seed": 42,
  "n_tracts": 20,
  "skipped_loading": [],
  "gbm_skipped_small": [
    [
      "47065011324",
      18
    ]
  ],
  "target_mean_native": 13.288208510877748,
  "target_std_native": 1.9746784505197967,
  "min_addresses_gbm": 50,
  "ridge_alphas_searched": [
    0.001,
    0.0031622776601683794,
    0.01,
    0.03162277660168379,
    0.1,
    0.31622776601683794,
    1.0,
    3.1622776601683795,
    10.0,
    31.622776601683793,
    100.0,
    316.22776601683796,
    1000.0
  ]
}