{
  "sage": {
    "pearson_r": 0.7713012808228822,
    "bg_rmse": 0.20962864603085435,
    "n_bgs": 69
  },
  "gcn_gat": {
    "pearson_r": 0.7701565314474054,
    "bg_rmse": 0.21127826631966068,
    "n_bgs": 69
  },
  "IDW": {
    "pearson_r": 0.7718927214530875,
    "bg_rmse": 0.20826122326691154,
    "n_bgs": 69
  },
  "kriging": {
    "pearson_r": 0.768151760049769,
    "bg_rmse": 0.21043273752204011,
    "n_bgs": 69
  }
}