{
  "degrees": {
    "spatial_knn_uniform": 11.741950170734793,
    "road_network_uniform": 11.740280763880106,
    "randomized": 11.741950170734793,
    "production": 12.161578348298976
  },
  "total_edges": {
    "spatial_knn_uniform": 232109,
    "road_network_uniform": 232076,
    "randomized": 232109,
    "production": 240404
  },
  "jaccard_spatial_road": {
    "mean": 0.43579908002009626,
    "median": 0.4211446416220581,
    "min": 0.38161914334541375,
    "max": 0.6871111187287658,
    "per_tract": [
      0.6871111187287658,
      0.38161914334541375,
      0.4171780694472012,
      0.40922213630885085,
      0.4002096033025684,
      0.45265630111155924,
      0.4495676526692124,
      0.4174908089276963,
      0.4056814886113384,
      0.4302641727516691,
      0.39409005641336003,
      0.4077336494277123,
      0.42479847431642,
      0.4438020967134965,
      0.4252581880038564,
      0.4358617054959907,
      0.4848565424332677,
      0.40126525046068606,
      0.43134137060851285,
      0.4159737713243456
    ],
    "n_tracts": 20
  },
  "under_mixed_tracts": 1,
  "road_fallback_total": 0
}