{
  "sage": {
    "pearson_r": 0.7671160160338493,
    "bg_rmse": 0.21096139256615976,
    "n_bgs": 69
  },
  "gcn_gat": {
    "pearson_r": 0.7597605501990674,
    "bg_rmse": 0.21389302812086744,
    "n_bgs": 69
  },
  "IDW": {
    "pearson_r": 0.7718927214530875,
    "bg_rmse": 0.20826122326691154,
    "n_bgs": 69
  },
  "kriging": {
    "pearson_r": 0.768151760049769,
    "bg_rmse": 0.21043273752204011,
    "n_bgs": 69
  }
}