{
  "sage": {
    "pearson_r": 0.7510639217121053,
    "bg_rmse": 0.21732561284898538,
    "n_bgs": 69
  },
  "gcn_gat": {
    "pearson_r": 0.7480646775406984,
    "bg_rmse": 0.21992548075239934,
    "n_bgs": 69
  },
  "IDW": {
    "pearson_r": 0.7718927214530875,
    "bg_rmse": 0.20826122326691154,
    "n_bgs": 69
  },
  "kriging": {
    "pearson_r": 0.768151760049769,
    "bg_rmse": 0.21043273752204011,
    "n_bgs": 69
  }
}