{
  "sage": {
    "pearson_r": 0.7593129759376623,
    "bg_rmse": 0.21427191797719225,
    "n_bgs": 69
  },
  "gcn_gat": {
    "pearson_r": 0.7736665763580161,
    "bg_rmse": 0.20884134275599694,
    "n_bgs": 69
  },
  "IDW": {
    "pearson_r": 0.7718927214530875,
    "bg_rmse": 0.20826122326691154,
    "n_bgs": 69
  },
  "kriging": {
    "pearson_r": 0.768151760049769,
    "bg_rmse": 0.21043273752204011,
    "n_bgs": 69
  }
}