{
  "sage": {
    "pearson_r": 0.7691647597080817,
    "bg_rmse": 0.21186859083289464,
    "n_bgs": 69
  },
  "gcn_gat": {
    "pearson_r": 0.7491051475476098,
    "bg_rmse": 0.22106292600064337,
    "n_bgs": 69
  },
  "IDW": {
    "pearson_r": 0.7718927214530875,
    "bg_rmse": 0.20826122326691154,
    "n_bgs": 69
  },
  "kriging": {
    "pearson_r": 0.768151760049769,
    "bg_rmse": 0.21043273752204011,
    "n_bgs": 69
  }
}